{
  "version": 1,
  "author": "Rafael Schmitz",
  "editor": "wokwi",
  "parts": [
    { "type": "wokwi-esp32-devkit-v1", "id": "esp", "top": -187.3, "left": 33.4, "attrs": {} },
    { "type": "wokwi-dht22", "id": "dht1", "top": -201.3, "left": -159, "attrs": {} },
    {
      "type": "board-ssd1306",
      "id": "oled1",
      "top": 99.14,
      "left": -153.37,
      "attrs": { "i2cAddress": "0x3c" }
    },
    {
      "type": "wokwi-led",
      "id": "led1",
      "top": -138,
      "left": 224.6,
      "attrs": { "color": "cyan" }
    }
  ],
  "connections": [
    [ "esp:TX0", "$serialMonitor:RX", "", [] ],
    [ "esp:RX0", "$serialMonitor:TX", "", [] ],
    [ "dht1:SDA", "esp:D13", "green", [ "v0" ] ],
    [ "dht1:VCC", "esp:VIN", "red", [ "v0" ] ],
    [ "esp:VIN", "oled1:VCC", "red", [ "h0" ] ],
    [ "esp:GND.2", "dht1:GND", "black", [ "h0" ] ],
    [ "esp:GND.2", "oled1:GND", "black", [ "h0" ] ],
    [ "esp:GND.1", "led1:C", "black", [ "h0" ] ],
    [ "esp:D2", "led1:A", "green", [ "h0" ] ],
    [ "esp:D4", "oled1:SCL", "violet", [ "h57.3", "v105.7", "h-288.3" ] ],
    [ "esp:D5", "oled1:SDA", "blue", [ "h76.5", "v163.2", "h-297.67" ] ]
  ],
  "dependencies": {}
}